"Campaign","Ring","Date.x","Measurement","CO2_Treat2","Tree","WP","CO2_Treat1","Photo","Cond","Ci","Trmmol","VpdL","CTleaf","Tair","Tleaf","CO2R","CO2S","H2OR","H2OS","RH_R","RH_S","PARi","Press","Vcmax","vc.model","vm.v","Predawn.wp","volRing","LAIsmooth","VPD.ROS","Vcmax.aci","Jmax.aci","Date.y","Date"
"2013Feb","R1",2013-02-19,"Midday","E",116,-2.425,"plus150",29.8817062,0.472669036,403.4786642,6.127268981,1.504052911,28.71801872,27.37366864,28.71801872,570.1124817,530.3694051,17.17457514,24.34731115,47.99106712,67.67415098,1800.45461,100.7728241,114.164096699126,132.461292792725,1.16027101884598,-0.383333333333333,0.106428338260956,1.44958691128885,2.28349409590899,105,187,2013-02-14,2013-02-19
"2013Feb","R1",2013-02-19,"Midday","E",117,-1.85,"plus150",27.81399035,0.42052678,399.9912018,5.926743855,1.599707984,28.98227145,27.7747831,28.98227145,569.5921468,532.4453176,17.06473548,24.00559324,46.51432406,65.07567774,1817.642411,100.7961685,108.887757260596,135.171117784161,1.24138030927262,-0.383333333333333,0.106428338260956,1.44958691128885,2.28349409590899,105,187,2013-02-14,2013-02-19
"2013Feb","R1",2013-02-19,"Midday","E",122,-1.475,"plus150",26.62315504,0.272085121,348.6077533,4.076700264,1.670333239,28.6579565,27.39745388,28.6579565,569.7108154,535.1595398,17.78866463,22.56777935,49.00002441,62.15353432,1799.849683,100.7628654,114.803968741935,131.845818962924,1.14844304084379,-0.383333333333333,0.106428338260956,1.44958691128885,2.28349409590899,105,187,2013-02-14,2013-02-19
"2013Feb","R1",2013-02-19,"Morning","E",116,-2.175,"plus150",29.04,0.46,405.85,4.88,1.22,26.24,26.02,26.24,569.11,531.17,16.14,21.87,48.16,65.29,1800.27,100.99,94.5922320392806,107.763413893883,1.13924168581975,-0.383333333333333,0.0867785636768154,1.44958691128885,1.22284767371339,105,187,2013-02-14,2013-02-19
"2013Feb","R1",2013-02-19,"Morning","E",117,-1.825,"plus150",31.94,0.44,393.37,4.58,1.19,25.69,24.57,25.69,575.46,534.8,15.68,20.99,51.29,68.57,1799.82,101.01,103.112451327275,102.601094724337,0.995040787059613,-0.383333333333333,0.0867785636768154,1.44958691128885,1.22284767371339,105,187,2013-02-14,2013-02-19
"2013Feb","R1",2013-02-19,"Morning","E",122,-1.98,"plus150",25.29,0.42,418.75,4.21,1.15,25.63,24.68,25.63,569.86,536.82,16.38,21.32,53.22,69.23,1799.81,101.01,77.5729245863063,102.047064835075,1.31549848583496,-0.383333333333333,0.0867785636768154,1.44958691128885,1.22284767371339,105,187,2013-02-14,2013-02-19
"2013Feb","R2",2013-02-19,"Midday","A",202,-1.175,"amb",24.48253367,0.478339879,283.6950173,6.675049863,1.586398966,28.90758314,28.47481174,28.90758314,418.6391098,386.1755112,16.12537127,23.94304199,41.88455296,62.00705032,1800.335022,100.8182045,129.852482899357,134.405037361105,1.03505943328998,-0.483333333333333,0.067522025373746,1.52730295509504,2.28349409590899,99,190,2013-02-14,2013-02-19
"2013Feb","R2",2013-02-19,"Midday","A",207,-1.575,"amb",22.42807329,0.444908239,288.7286593,6.295294692,1.587794167,29.10922411,27.88253574,29.10922411,418.8872677,389.0430854,17.02821779,24.39822102,45.73728655,65.37158127,1799.693313,100.8065031,118.678780452014,136.473164616585,1.14993736956848,-0.483333333333333,0.067522025373746,1.52730295509504,2.28349409590899,99,190,2013-02-14,2013-02-19
"2013Feb","R2",2013-02-19,"Midday","A",209,-1.5,"amb",21.44484999,0.306384742,245.8791126,4.817565631,1.706566227,28.70345242,26.15795095,28.70345242,419.5704662,391.5857086,16.64061961,22.29298971,49.64051003,66.10698385,1799.981416,100.7809715,129.03769402936,132.312005289611,1.02537484325708,-0.483333333333333,0.067522025373746,1.52730295509504,2.28349409590899,99,190,2013-02-14,2013-02-19
"2013Feb","R2",2013-02-19,"Morning","A",202,-2.275,"amb",22.25,0.41,280.06,3.81,1.1,26.17,25.31,26.17,419.18,390.7,18.45,22.91,57.46,71.38,1800.08,101.01,98.5210165060717,107.098253283284,1.08705997036362,-0.483333333333333,0.053401791919015,1.52730295509504,1.22284767371339,99,190,2013-02-14,2013-02-19
"2013Feb","R2",2013-02-19,"Morning","A",207,-1.9,"amb",25.64,0.47,281.98,3.87,0.96,25.56,23.88,25.56,420.44,387.88,18.5,23.04,62.8,78.24,1800.45,101.04,108.258913209817,101.403044402919,0.936671553374914,-0.483333333333333,0.053401791919015,1.52730295509504,1.22284767371339,99,190,2013-02-14,2013-02-19
"2013Feb","R2",2013-02-19,"Morning","A",209,-1.89,"amb",23.6,0.5,293.15,4.08,0.99,25.85,22.91,25.85,419.99,389.76,18.52,23.3,66.26,83.54,1800.84,101,98.1614200199672,104.087468673767,1.06037044546212,-0.483333333333333,0.053401791919015,1.52730295509504,1.22284767371339,99,190,2013-02-14,2013-02-19
"2013Feb","R3",2013-02-19,"Midday","A",302,-2.1,"amb",23.03368783,0.380691993,272.9620366,5.265641453,1.525343072,29.06591914,27.30592168,29.06591914,419.7395767,389.6469844,18.76415137,24.92662163,52.61968886,69.51132107,1800.3447,100.8005174,128.292057499992,136.029062777642,1.06030774958653,-0.283333333333333,0.114911254511584,1.62532499337025,2.28349409590899,116,204,2013-02-15,2013-02-19
"2013Feb","R3",2013-02-19,"Midday","A",320,-2.275,"amb",20.8895118,0.295063571,249.5783452,4.330433117,1.557375315,29.15410668,27.05242097,29.15410668,420.257399,393.1637187,19.7592159,24.82815561,56.03268274,69.9847367,1799.552854,100.7536407,128.059323192031,136.933370016551,1.06929637454989,-0.283333333333333,0.114911254511584,1.62532499337025,2.28349409590899,116,204,2013-02-15,2013-02-19
"2013Feb","R3",2013-02-19,"Midday","A",321,-1.95,"amb",22.22413546,0.519314275,296.3458103,5.694289356,1.265900806,28.72357874,27.21013918,28.72357874,419.7415232,390.4220383,20.0783802,26.72985439,56.2879214,74.54598045,1800.582082,100.7463192,111.605533624315,132.518280016772,1.18738090947043,-0.283333333333333,0.114911254511584,1.62532499337025,2.28349409590899,116,204,2013-02-15,2013-02-19
"2013Feb","R3",2013-02-19,"Morning","A",302,-1.95,"amb",23.82,0.38,267.39,4.37,1.27,28.17,27.49,28.17,420.11,389.5,20.26,25.37,55.79,69.73,1799.33,101.03,126.819206336199,126.860243359979,1.00032358682069,-0.283333333333333,0.101121165414236,1.62532499337025,1.22284767371339,116,204,2013-02-15,2013-02-19
"2013Feb","R3",2013-02-19,"Morning","A",320,-2.29,"amb",21.52,0.46,297.3,5.37,1.36,27.98,26.21,27.98,420.12,391.78,17.81,24.1,52.93,71.51,1799.75,100.97,102.246997225773,124.929482691038,1.22184011345761,-0.283333333333333,0.101121165414236,1.62532499337025,1.22284767371339,116,204,2013-02-15,2013-02-19
"2013Feb","R3",2013-02-19,"Morning","A",321,-2.05,"amb",29.92,0.62,282.56,6.24,1.21,28.17,28.38,28.17,419.92,381.17,18.68,25.97,48.53,67.54,1799.99,100.96,151.094909143383,126.860243359979,0.839606338024227,-0.283333333333333,0.101121165414236,1.62532499337025,1.22284767371339,116,204,2013-02-15,2013-02-19
"2013Feb","R4",2013-02-19,"Midday","E",403,-2.175,"plus150",24.3315856,0.228838369,346.7115216,3.602259929,1.701223536,28.91108027,25.96485922,28.91108027,577.0497925,545.5021973,18.59160104,22.81423993,55.75051842,68.40528202,1800.434897,100.8083121,107.254097545209,134.440906469307,1.25348037554126,-0.333333333333333,0.0728529771817489,1.47797030579728,2.28349409590899,96,176,2013-02-13,2013-02-19
"2013Feb","R4",2013-02-19,"Midday","E",408,-1.725,"plus150",27.37275877,0.324981286,367.0949629,4.926391209,1.659656386,29.67577696,28.57991409,29.67577696,573.9846649,537.9709269,19.28542614,25.04585393,50.87560018,65.13899008,1799.438761,100.7815577,120.834044839535,142.268290417515,1.17738581544998,-0.333333333333333,0.0728529771817489,1.47797030579728,2.28349409590899,96,176,2013-02-13,2013-02-19
"2013Feb","R4",2013-02-19,"Midday","E",422,-1.75,"plus150",30.11170805,0.359629323,379.0508457,4.83373258,1.476400273,28.91258553,25.88448129,28.91258553,577.6643459,538.4167437,19.41191224,25.06558922,58.35496848,75.3459222,1800.098598,100.7413504,122.818080161164,134.456345565206,1.09476019645292,-0.333333333333333,0.0728529771817489,1.47797030579728,2.28349409590899,96,176,2013-02-13,2013-02-19
"2013Feb","R4",2013-02-19,"Morning","E",403,-1.75,"plus150",28.18,0.43,410.98,4.26,1.15,27.73,26.47,27.73,574.32,537.76,20.61,25.59,60.16,74.64,1800.75,101.04,99.5988958673873,122.401422654419,1.22894356999091,-0.333333333333333,0.0627055591518105,1.47797030579728,1.22284767371339,96,176,2013-02-13,2013-02-19
"2013Feb","R4",2013-02-19,"Morning","E",408,-1.85,"plus150",32.28,0.44,386.67,5.12,1.33,27.78,26.02,27.78,577.38,535.37,17.97,23.97,53.78,71.69,1799.94,101.01,120.276523325803,122.905784322181,1.02186013466033,-0.333333333333333,0.0627055591518105,1.47797030579728,1.22284767371339,96,176,2013-02-13,2013-02-19
"2013Feb","R4",2013-02-19,"Morning","E",422,-1.575,"plus150",31.74,0.38,382.82,4.83,1.42,27.76,26.28,27.76,583.14,541.92,17.34,23.01,51.12,67.79,1799.57,100.97,119.09422281852,122.703960658894,1.03030993237913,-0.333333333333333,0.0627055591518105,1.47797030579728,1.22284767371339,96,176,2013-02-13,2013-02-19
"2013Feb","R5",2013-02-18,"Midday","E",501,-2.55,"plus150",19.41070647,0.248633216,393.9311714,3.18971029,1.369449729,27.80856514,24.39331518,27.80856514,563.9057007,538.5643223,19.8044845,23.54014124,65.40222658,77.7319009,1799.870867,101.2428938,71.3568680910728,123.194219797071,1.7264521705162,-0.233333333333333,0.0572196472829139,1.89896047593621,0.894567199320231,98,184,2013-02-15,2013-02-18
"2013Feb","R5",2013-02-18,"Midday","E",502,-2,"plus150",28.22257191,0.291215222,363.9270512,3.260528233,1.211844521,27.32898102,23.60336571,27.32898102,577.4227661,541.4566284,20.25716381,24.07354984,70.13476486,83.34315567,1799.838757,101.2353027,107.431114067768,118.382279600481,1.10193662820815,-0.233333333333333,0.0572196472829139,1.89896047593621,0.894567199320231,98,184,2013-02-15,2013-02-18
"2013Feb","R5",2013-02-18,"Midday","E",509,-2.05,"plus150",18.51260229,0.140295627,293.26717,1.796601757,1.371710541,27.24206478,22.98901131,27.24206478,565.6363927,542.263663,20.21708648,22.32348723,72.60483186,80.1674208,1799.232298,101.1978159,84.6169378609915,117.517898433429,1.38882239660441,-0.233333333333333,0.0572196472829139,1.89896047593621,0.894567199320231,98,184,2013-02-15,2013-02-18
"2013Feb","R5",2013-02-18,"Morning","E",501,-1.86,"plus150",24.99,0.41,425.1,3.62,0.99,24.59647446,23.10961558,24.59647446,574.0524048,541.7330485,16.54445,20.79808515,59.13326874,74.33568827,1799.708993,101.4458257,71.4408780862845,92.8059900749575,1.29906004182744,-0.233333333333333,0.11719083893691,1.89896047593621,1.40285422180664,98,184,2013-02-15,2013-02-18
"2013Feb","R5",2013-02-18,"Morning","E",502,-2.14,"plus150",35.9,0.47,396.25,4.21,1.04,24.71692361,21.69907973,24.71692361,590.1763713,544.3696696,15.64109802,20.5858451,60.91114256,80.16733551,1800.660997,101.45337,108.812553846827,93.8526199146534,0.862516470726049,-0.233333333333333,0.11719083893691,1.89896047593621,1.40285422180664,98,184,2013-02-15,2013-02-18
"2013Feb","R5",2013-02-18,"Morning","E",509,-2.01,"plus150",23.78,0.26,373.83,2.69,1.11,24.830413,21.19311169,24.830413,569.6182949,539.352635,16.90751539,20.06544086,67.91377149,80.59854017,1799.979649,101.4518117,75.8421492036722,94.8462565976449,1.25057448389203,-0.233333333333333,0.11719083893691,1.89896047593621,1.40285422180664,98,184,2013-02-15,2013-02-18
"2013Feb","R6",2013-02-18,"Midday","A",603,-2,"amb",20.52567032,0.437976587,299.4100605,5.014333466,1.306911585,26.84663264,26.11841742,26.84663264,418.8493652,391.862854,16.26116403,22.1446317,48.48214086,66.02216148,1800.78953,101.213473,89.6118736060483,113.619742909537,1.26790946709843,-0.216666666666667,0.0356586482684833,1.77906221760339,0.894567199320231,113,190,2013-02-13,2013-02-18
"2013Feb","R6",2013-02-18,"Midday","A",607,-2.85,"amb",25.60579286,0.626513258,301.5386618,5.859893264,1.132209158,27.07819058,26.44878896,27.07819058,419.7831767,386.3413239,17.49139878,24.35156581,51.11614227,71.1575311,1799.737229,101.1998552,112.848145877631,115.895364742418,1.02700282615269,-0.216666666666667,0.0356586482684833,1.77906221760339,0.894567199320231,113,190,2013-02-13,2013-02-18
"2013Feb","R6",2013-02-18,"Midday","A",612,-2.35,"amb",17.05787639,0.421485047,317.2882079,4.647572357,1.251310938,26.96634026,26.45005074,26.96634026,420.3720825,397.6871094,17.4996376,22.94814034,51.16519775,67.08393097,1799.178174,101.1887054,71.3098956187222,114.793585722373,1.60978479531295,-0.216666666666667,0.0356586482684833,1.77906221760339,0.894567199320231,113,190,2013-02-13,2013-02-18
"2013Feb","R6",2013-02-18,"Morning","A",603,-2.59,"amb",26.8,0.54,287.34,4.15,0.91,25.07370218,25.45135848,25.07370218,419.1692403,385.090917,17.65351995,22.52540048,54.83611933,69.96276474,1800.203247,101.4188347,107.738549043388,97.0005203843104,0.900332529494587,-0.216666666666667,0.0693124352119403,1.77906221760339,1.40285422180664,113,190,2013-02-13,2013-02-18
"2013Feb","R6",2013-02-18,"Morning","A",607,-2.94,"amb",25.4,0.68,310.25,3.84,0.7,25.35421066,24.41012192,25.35421066,419.9979675,387.7386292,20.62045479,25.10725937,68.14420929,82.96793365,1799.069678,101.4092773,97.3486478164588,99.524574700282,1.02235189632963,-0.216666666666667,0.0693124352119403,1.77906221760339,1.40285422180664,113,190,2013-02-13,2013-02-18
"2013Feb","R6",2013-02-18,"Morning","A",612,-2.1,"amb",26.67,0.72,309.04,4.92,0.85,25.43738842,24.81498241,25.43738842,420.5734177,386.2905121,18.05343676,23.81108665,58.23785877,76.80679703,1799.719574,101.4276848,103.112804803621,100.281141502412,0.972538199241099,-0.216666666666667,0.0693124352119403,1.77906221760339,1.40285422180664,113,190,2013-02-13,2013-02-18
"2013May","R1",2013-04-29,"Midday","E",116,-1.275,"plus150",13.65251093,0.074369608,222.8785821,1.532781781,2.051350577,NA,25.39123179,28.78263722,560.4424224,543.0654814,17.14041773,18.94523142,53.29563208,58.94670259,1799.736882,101.3530054,91.4915853138407,133.123706101842,1.45503770259518,-0.533333333333333,0.0671185692424831,1.68181927558654,2.46023782394636,96,174,2013-05-02,2013-04-29
"2013May","R1",2013-04-29,"Midday","E",117,-1,"plus150",19.72951855,0.153402655,308.6774729,2.305400793,1.596327254,NA,25.22947849,28.20191674,565.2202898,540.0619572,19.42426191,22.1290131,61.03103199,69.54768281,1800.638937,101.3805878,91.9700617123962,127.18526922179,1.3828985960618,-0.533333333333333,0.0671185692424831,1.68181927558654,2.46023782394636,96,174,2013-05-02,2013-04-29
"2013May","R1",2013-04-29,"Midday","E",122,-1.55,"plus150",9.663249901,0.049012609,208.7034467,1.403003366,2.841475246,NA,25.61510546,30.10558051,557.5153591,545.004571,12.597835,14.2572854,38.66110917,43.7769714,1800.244224,101.3591492,77.157396216853,146.623883687489,1.90032182106558,-0.533333333333333,0.0671185692424831,1.68181927558654,2.46023782394636,96,174,2013-05-02,2013-04-29
"2013May","R1",2013-04-29,"Morning","E",116,-1.58333333333333,"plus150",21.43884312,0.210129951,360.3656085,2.008593791,1.031635661,NA,18.24416395,21.11225753,569.435738,542.4197737,12.2138905,14.58751875,59.00587404,70.47170994,1799.359111,101.611282,56.8763120409969,66.1929417405439,1.16380509504258,-0.533333333333333,0.053477258858721,1.68181927558654,1.30013157549712,96,174,2013-05-02,2013-04-29
"2013May","R1",2013-04-29,"Morning","E",117,-0.5,"plus150",20.18252552,0.343535078,410.2198909,3.122188302,1.046856609,NA,18.47197607,21.56443193,571.0245178,544.7746364,11.43387293,15.12196586,54.44733604,72.04167698,1799.127168,101.6390204,50.2177317729639,69.2469322971047,1.37893389152207,-0.533333333333333,0.053477258858721,1.68181927558654,1.30013157549712,96,174,2013-05-02,2013-04-29
"2013May","R1",2013-04-29,"Morning","E",122,-1.43333333333333,"plus150",20.64799379,0.299743612,399.6558429,2.736413182,1.034992075,NA,18.24248088,20.99147916,565.4497223,538.9149889,11.14943466,14.38428105,53.86369446,69.51368682,1799.709231,101.6426813,50.7543609959486,65.3968166175916,1.28849650225745,-0.533333333333333,0.053477258858721,1.68181927558654,1.30013157549712,96,174,2013-05-02,2013-04-29
"2013May","R2",2013-04-29,"Midday","A",207,-1.65,"amb",20.26834807,0.296092268,258.8738892,4.901104649,1.80449945,NA,25.16916524,27.37665914,414.8339187,388.2290786,12.52839888,18.30234622,39.50936087,57.75370694,1799.121236,101.4116124,105.14561888056,118.857514332667,1.13040862375524,-0.55,0.05581003203337,1.69510463853411,2.46023782394636,125,220,2013-05-02,2013-04-29
"2013May","R2",2013-04-29,"Midday","A",208,-1.75,"amb",22.36926442,0.370958963,253.9757398,5.407775327,1.722855116,NA,25.17625031,27.30988541,407.5110697,378.218218,12.59091081,18.95458236,39.75030882,59.83978526,1800.628429,101.4207338,117.642560344367,118.192154566264,1.00467172951939,-0.55,0.05581003203337,1.69510463853411,2.46023782394636,125,220,2013-05-02,2013-04-29
"2013May","R2",2013-04-29,"Midday","A",209,-1.4,"amb",4.55768634,0.042742595,238.5121479,1.094951394,2.654061508,NA,25.25911142,28.45391582,405.3389912,399.3440574,10.9706129,12.26816609,34.42857332,38.50183123,1800.483068,101.3484231,27.7622222808019,129.757332398546,4.67388133003589,-0.55,0.05581003203337,1.69510463853411,2.46023782394636,125,220,2013-05-02,2013-04-29
"2013May","R2",2013-04-29,"Morning","A",207,-2.05,"amb",20.13873564,0.407428237,289.2740744,3.630015442,1.018070646,NA,18.59964553,22.04627026,413.0685158,387.2239948,11.88239502,16.1666534,56.23959105,76.44048378,1799.413924,101.6522664,66.429490920446,72.6304908931282,1.0933470945925,-0.55,0.0432926357452662,1.69510463853411,1.30013157549712,125,220,2013-05-02,2013-04-29
"2013May","R2",2013-04-29,"Morning","A",208,-1.55,"amb",24.82392441,0.519549567,293.6898099,3.601791992,0.821057791,NA,18.09941203,20.61217639,418.1765666,386.7314433,11.64369322,15.89515845,56.81191661,77.54878387,1799.373144,101.6773697,74.3274438518635,62.949638666961,0.846923227878268,-0.55,0.0432926357452662,1.69510463853411,1.30013157549712,125,220,2013-05-02,2013-04-29
"2013May","R2",2013-04-29,"Morning","A",209,-1.7,"amb",20.12097829,0.440776001,301.501227,3.535789675,0.915521656,NA,18.13119388,20.55399795,413.401671,388.840192,10.92650569,14.88791046,53.18418304,72.45678474,1799.400406,101.6291277,58.8679363215807,62.5813407337347,1.06308025462059,-0.55,0.0432926357452662,1.69510463853411,1.30013157549712,125,220,2013-05-02,2013-04-29
"2013May","R3",2013-04-29,"Midday","A",301,-1.35,"amb",16.8551521,0.225492793,244.2316861,4.327459537,2.121742875,NA,25.05108438,27.29396193,409.1393359,386.9142686,9.871509955,14.9843872,31.39571689,47.65678378,1799.536358,101.4205608,91.9975812703066,118.033706515193,1.28300880181173,-0.416666666666667,0.0941583376563415,1.69717703222928,2.46023782394636,108,194,2013-05-07,2013-04-29
"2013May","R3",2013-04-29,"Midday","A",302,-1.2,"amb",13.46348327,0.147054729,220.1341464,3.118278553,2.30247593,NA,25.01640838,27.61581107,411.2168435,393.5935486,10.19851774,13.88612897,32.51748593,44.28306339,1799.347938,101.4373776,83.6132386675766,121.252119547909,1.45015456260431,-0.416666666666667,0.0941583376563415,1.69717703222928,2.46023782394636,108,194,2013-05-07,2013-04-29
"2013May","R3",2013-04-29,"Midday","A",320,-1.1,"amb",16.54777667,0.197182042,229.9354014,3.837538255,2.146164583,NA,25.00021081,27.45448049,410.5771177,388.938891,10.55333386,15.08708959,33.68431741,48.13008538,1800.313838,101.403102,97.0867549740314,119.634788950362,1.23224624185206,-0.416666666666667,0.0941583376563415,1.69717703222928,2.46023782394636,108,194,2013-05-07,2013-04-29
"2013May","R3",2013-04-29,"Morning","A",301,-1.25,"amb",22.04174164,0.353663739,278.6481744,4.369872785,1.381519992,NA,22.95558066,25.08546835,424.7562112,396.243894,12.72232451,17.86967315,45.90927527,64.4931007,1799.565298,101.552482,91.1075705440291,97.1055349845093,1.06583387532633,-0.416666666666667,0.0749910955375501,1.69717703222928,1.30013157549712,108,194,2013-05-07,2013-04-29
"2013May","R3",2013-04-29,"Morning","A",302,-2.85,"amb",22.57892186,0.415733222,283.1662822,4.686241062,1.285910126,NA,22.83506334,24.60151422,417.5844396,388.322012,12.38811745,17.90851307,45.05419477,65.16161855,1799.988149,101.5907572,89.1169019951442,92.8496177802995,1.04188560981797,-0.416666666666667,0.0749910955375501,1.69717703222928,1.30013157549712,108,194,2013-05-07,2013-04-29
"2013May","R3",2013-04-29,"Morning","A",320,-1.4,"amb",23.7441218,0.430885212,279.9724925,4.734693591,1.243809699,NA,22.96892945,24.95950855,417.8203369,387.1464559,13.42492568,18.99773465,48.40825456,68.51276226,1800.348926,101.5092243,96.916672655015,95.9852824987298,0.990389784019923,-0.416666666666667,0.0749910955375501,1.69717703222928,1.30013157549712,108,194,2013-05-07,2013-04-29
"2013May","R4",2013-04-29,"Midday","E",403,-1.325,"plus150",20.4060196,0.168108226,301.9877576,3.543474354,2.326602498,NA,24.93728428,27.46318874,569.3999532,542.62276,9.13892053,13.33142421,29.26726971,42.70739085,1800.133028,101.4511307,92.2115103112072,119.721886074558,1.29833993251499,-0.408333333333333,0.0619796572168471,1.58466469987918,2.46023782394636,104,201,2013-05-07,2013-04-29
"2013May","R4",2013-04-29,"Midday","E",408,-1.575,"plus150",22.7808254,0.203771771,320.907191,4.076771476,2.231379366,NA,25.03962546,27.52711717,572.2031204,542.2305446,9.596509799,14.41522377,30.53824094,45.87587503,1800.281982,101.4306702,97.9113839621948,120.361996809817,1.22929522532631,-0.408333333333333,0.0619796572168471,1.58466469987918,2.46023782394636,104,201,2013-05-07,2013-04-29
"2013May","R4",2013-04-29,"Midday","E",422,-2.05,"plus150",20.19596213,0.224253247,365.8303714,4.271101493,2.119654031,NA,24.88624592,26.88647166,569.1346985,542.1343323,9.119593573,14.16974754,29.28765221,45.51924248,1799.494467,101.4208609,74.4029680887118,114.009775456733,1.53232832487001,-0.408333333333333,0.0619796572168471,1.58466469987918,2.46023782394636,104,201,2013-05-07,2013-04-29
"2013May","R4",2013-04-29,"Morning","E",403,-1.9,"plus150",28.27328557,0.418956659,404.4644417,5.330252976,1.453855828,NA,23.05511732,24.97883883,574.6011444,537.2477753,10.67039814,16.95605044,38.30420456,60.86648769,1799.38653,101.6041466,85.6875234741604,96.1566324952533,1.12217775233345,-0.408333333333333,0.0449052072976323,1.58466469987918,1.30013157549712,104,201,2013-05-07,2013-04-29
"2013May","R4",2013-04-29,"Morning","E",408,-1.325,"plus150",25.42317046,0.371932887,392.0985399,4.992548413,1.612611146,NA,23.02171884,25.29504136,572.299365,538.576143,10.11978352,16.01171801,36.38770996,57.58040542,1801.657035,101.5589292,80.3596652685939,98.9886274875232,1.2318198085652,-0.408333333333333,0.0449052072976323,1.58466469987918,1.30013157549712,104,201,2013-05-07,2013-04-29
"2013May","R4",2013-04-29,"Morning","E",422,-1.725,"plus150",25.47959891,0.3210129,383.3723804,4.796922669,1.674424102,NA,23.29777491,25.56976547,573.0399627,539.3669831,10.25777111,15.9211617,36.23656594,56.26780946,1799.682515,101.4979544,83.3100911325396,101.492737015856,1.21825262265515,-0.408333333333333,0.0449052072976323,1.58466469987918,1.30013157549712,104,201,2013-05-07,2013-04-29
"2013May","R5",2013-05-03,"Midday","E",501,-2.34466666666667,"plus150",23.3996921,0.485692352,437.4407138,5.401093502,1.318906302,NA,20.9250245,22.83509346,572.088092,540.5270159,8.164214841,14.54933928,33.30148951,59.37177855,1802.920401,101.3998908,59.5910707741249,78.4622898150022,1.31667863650927,-0.4,0.111972990050997,2.04125601630723,1.57271820286752,90,167,2013-05-06,2013-05-03
"2013May","R5",2013-05-03,"Midday","E",502,-2.735,"plus150",29.40299155,0.537793236,429.2109522,5.661880278,1.247847528,NA,20.76055838,22.2119487,579.4472299,540.5097356,7.505820419,14.20199669,30.87691721,58.51796986,1799.678569,101.4679885,73.4139162275382,73.8250758116932,1.00560056737582,-0.4,0.111972990050997,2.04125601630723,1.57271820286752,90,167,2013-05-06,2013-05-03
"2013May","R5",2013-05-03,"Midday","E",509,-2.553,"plus150",21.75140924,0.343010325,416.5017389,4.208363094,1.387378444,NA,20.79012066,22.79268407,570.0024307,541.1719224,8.799060756,13.77815897,36.1925328,56.68421485,1799.828026,101.4020175,57.136015843395,78.1394414360542,1.36760395842489,-0.4,0.111972990050997,2.04125601630723,1.57271820286752,90,167,2013-05-06,2013-05-03
"2013May","R5",2013-05-03,"Morning","E",501,-1.975,"plus150",24.15229316,0.527418136,446.8335229,3.463366066,0.780520024,NA,17.26264299,19.69678702,569.1513517,537.9429707,10.85800177,14.9504148,55.95902824,77.05249379,1799.626987,101.9018883,52.0263375800781,57.3676471408378,1.10266549231028,-0.4,0.0634424926079724,2.04125601630723,0.781882527222284,90,167,2013-05-06,2013-05-03
"2013May","R5",2013-05-03,"Morning","E",502,-1.93333333333333,"plus150",23.57647238,0.361331337,415.0972167,2.42946728,0.780579368,NA,16.72403723,18.4719147,567.2147937,538.8855114,10.54660398,13.27196603,56.32969491,70.8858966,1799.844575,102.0292334,50.1461190639829,50.582029621465,1.00869280745188,-0.4,0.0634424926079724,2.04125601630723,0.781882527222284,90,167,2013-05-06,2013-05-03
"2013May","R5",2013-05-03,"Morning","E",509,-2.28,"plus150",21.35867894,0.339794269,423.7001468,2.337570327,0.77984602,NA,17.00939317,19.39805327,570.5195969,543.3718731,11.77902875,14.54173384,61.71251269,76.19402366,1799.562129,101.9897484,46.8297225284445,55.6423162181695,1.18818376906616,-0.4,0.0634424926079724,2.04125601630723,0.781882527222284,90,167,2013-05-06,2013-05-03
"2013May","R6",2013-05-03,"Midday","A",603,-2.674,"amb",21.31686259,0.417239918,287.9106681,4.606276848,1.258629689,NA,21.02482945,22.64513357,414.3725265,386.6709667,9.359077331,14.80151991,37.96780293,60.0488526,1799.735409,101.4240005,73.2264131279041,77.0244592022084,1.05186715984122,-0.4,0.0719552982801591,1.83768448369375,1.57271820286752,99,175,2013-05-06,2013-05-03
"2013May","R6",2013-05-03,"Midday","A",607,-2.159,"amb",22.84555932,0.524955161,299.6292391,5.18715112,1.169172215,NA,20.97354328,22.3426815,417.2290497,387.4194707,9.065655192,15.19186529,36.88314269,61.80306327,1800.39372,101.3951352,74.6027031123563,74.7790241347759,1.00236346693972,-0.4,0.0719552982801591,1.83768448369375,1.57271820286752,99,175,2013-05-06,2013-05-03
"2013May","R6",2013-05-03,"Midday","A",612,-1.8875,"amb",21.38036117,0.422475346,290.897852,4.920400444,1.352706995,NA,21.1334952,23.0261552,418.5925338,390.6464693,8.711971575,14.52652696,35.08159398,58.4888454,1800.450567,101.3827836,74.5715327446963,79.9299528149073,1.071856107458,-0.4,0.0719552982801591,1.83768448369375,1.57271820286752,99,175,2013-05-06,2013-05-03
"2013May","R6",2013-05-03,"Morning","A",603,-2.25,"amb",23.2714497,0.409599455,282.8673784,2.705491129,0.755330423,NA,16.87886727,18.4104887,418.7567708,389.5841459,10.25354934,13.4540636,54.21955234,71.09385523,1799.078956,102.0020012,63.3110292290223,50.2614145072574,0.793880862771019,-0.4,0.0468592990946789,1.83768448369375,0.781882527222284,99,175,2013-05-06,2013-05-03
"2013May","R6",2013-05-03,"Morning","A",607,-2.85,"amb",22.41473315,0.535080727,309.6957314,3.383454232,0.753015919,NA,17.20620263,19.27485849,420.5388262,392.0665684,10.61730535,14.61544662,54.93914918,75.63532977,1799.233886,101.9898519,59.9055214600141,54.9442561906161,0.917181836523874,-0.4,0.0468592990946789,1.83768448369375,0.781882527222284,99,175,2013-05-06,2013-05-03
"2013May","R6",2013-05-03,"Morning","A",612,-1.55,"amb",22.56596484,0.632125073,319.0846041,3.735243323,0.734851606,NA,17.16141387,19.18923625,420.5686204,391.7523178,10.27474589,14.68824467,53.31116319,76.21669047,1800.336391,101.9340952,58.7915184844263,54.4636717221542,0.926386545647421,-0.4,0.0468592990946789,1.83768448369375,0.781882527222284,99,175,2013-05-06,2013-05-03
"2013Nov","R1",2013-11-07,"Midday","E",111,-2.4,"plus150",5.762858082,0.05081934,366.6441766,1.978091133,4.173473058,33.76735433,31.00800975,33.76735433,567.6306671,559.4092957,8.625838375,10.96903461,19.24062678,24.46735837,1800.119216,100.6756949,34.0281776308067,177.896203826824,5.22790863962603,-0.488333333333333,0.0209234513381591,1.03923034953174,4.47656783772963,79,130,2013-11-13,2013-11-07
"2013Nov","R1",2013-11-07,"Midday","E",116,-2.825,"plus150",7.807091464,0.052062312,273.0562989,2.170534478,4.125175873,33.65913239,31.01186581,33.65913239,555.1040039,544.3237915,8.537032986,11.11099444,19.03776703,24.77642765,1799.303431,100.6658676,61.6309972102779,177.233722787858,2.87572375606964,-0.488333333333333,0.0209234513381591,1.03923034953174,4.47656783772963,79,130,2013-11-13,2013-11-07
"2013Nov","R1",2013-11-07,"Midday","E",117,-2.625,"plus150",11.73534527,0.083367531,285.1110648,3.302656855,3.993786145,33.67389603,31.16231995,33.67389603,559.8092835,543.5832337,8.55062356,12.46178093,18.91648274,27.5661316,1799.39159,100.6823456,88.6021914132661,177.325417752159,2.00136604889445,-0.488333333333333,0.0209234513381591,1.03923034953174,4.47656783772963,79,130,2013-11-13,2013-11-07
"2013Nov","R1",2013-11-07,"Midday","E",122,-1.725,"plus150",9.117592168,0.071641999,302.7201959,2.786669476,4.059417564,34.0189888,31.10344239,34.0189888,560.0507203,547.2942444,9.541839123,12.83915072,21.16537877,28.47929764,1799.370813,100.6615624,66.4229400053824,179.347660142251,2.70008614686007,-0.488333333333333,0.0209234513381591,1.03923034953174,4.47656783772963,79,130,2013-11-13,2013-11-07
"2013Nov","R1",2013-11-07,"Morning","E",111,-2.725,"plus150",23.03148665,0.326820098,407.412184,2.790893007,0.941612285,22.24247758,20.56686076,22.24247758,567.6363398,538.219485,14.03549445,17.32379159,58.41356437,72.09850884,1799.5221,101.1481918,59.6451745950955,74.0469471857086,1.24145746388338,-0.488333333333333,0.040509592147148,1.03923034953174,2.30946268689612,79,130,2013-11-13,2013-11-07
"2013Nov","R1",2013-11-07,"Morning","E",116,-2.625,"plus150",20.4710424,0.279414778,410.237038,2.600185655,1.015676493,22.39686458,20.6240991,22.39686458,572.6174469,546.368098,13.77498667,16.8403031,57.12104352,69.83137894,1799.75058,101.1317864,53.1991608483361,75.1773313417424,1.41313002203293,-0.488333333333333,0.040509592147148,1.03923034953174,2.30946268689612,79,130,2013-11-13,2013-11-07
"2013Nov","R1",2013-11-07,"Morning","E",117,-3.1,"plus150",22.7993373,0.433009726,439.1463506,3.8398626,1.01194604,22.59319054,20.80506496,22.59319054,572.2525533,542.4182109,12.67165195,17.19680958,51.9701505,70.52979571,1800.10221,101.1472194,57.1869471852836,76.6350005911248,1.34007853825157,-0.488333333333333,0.040509592147148,1.03923034953174,2.30946268689612,79,130,2013-11-13,2013-11-07
"2013Nov","R1",2013-11-07,"Morning","E",122,-3.075,"plus150",18.08013345,0.265430816,416.7842494,2.876946811,1.174088409,22.90804462,20.85737705,22.90804462,567.1820862,543.6172119,12.73395357,16.12924299,52.05640831,65.92726822,1799.602161,101.1147881,47.7644318049053,79.0201273060293,1.65437176409401,-0.488333333333333,0.040509592147148,1.03923034953174,2.30946268689612,79,130,2013-11-13,2013-11-07
"2013Nov","R2",2013-11-07,"Midday","A",202,-2.9,"amb",12.05999035,0.152585514,217.2362385,4.542198062,3.591890373,32.33937852,30.59324642,32.33937852,411.3106295,394.6955738,7.622410775,12.99650508,17.40324108,29.57011143,1800.895712,100.5921057,110.232125010827,167.547958478637,1.51995580655077,-0.483333333333333,0.024531754986903,1.11225081851674,4.47656783772963,88,170,2013-11-13,2013-11-07
"2013Nov","R2",2013-11-07,"Midday","A",207,-2.7,"amb",5.647961323,0.075180554,238.3634172,2.59856361,3.827629471,32.36889777,30.68039715,32.36889777,402.9801601,394.9703975,7.673911599,10.75723144,17.44303521,24.39565332,1799.82587,100.6132907,46.6376006659082,167.792894949683,3.59780290053254,-0.483333333333333,0.024531754986903,1.11225081851674,4.47656783772963,88,170,2013-11-13,2013-11-07
"2013Nov","R2",2013-11-07,"Midday","A",208,-2.9,"amb",8.465395283,0.103600336,243.9321163,3.752775312,3.639465344,32.38637357,30.91450068,32.38637357,409.3276641,397.3846717,8.068707735,12.51282089,18.09220444,28.10571737,1800.47672,100.6298027,68.2520974121124,167.937372913751,2.46054523276742,-0.483333333333333,0.024531754986903,1.11225081851674,4.47656783772963,88,170,2013-11-13,2013-11-07
"2013Nov","R2",2013-11-07,"Midday","A",209,-2.725,"amb",4.518907941,0.046605508,224.1360164,1.893607916,4.024122854,33.1084686,30.96453561,33.1084686,405.265383,398.9376606,8.550512102,10.79756943,19.10472711,24.12301633,1799.95315,100.6035297,42.4386849081628,173.531657740988,4.08899705814424,-0.483333333333333,0.024531754986903,1.11225081851674,4.47656783772963,88,170,2013-11-13,2013-11-07
"2013Nov","R2",2013-11-07,"Morning","A",202,-2.1,"amb",19.16445909,0.427412006,303.7295409,3.854382074,1.048758177,21.41804155,20.76220399,21.41804155,416.6272133,391.8232461,10.47824583,15.03338883,43.02206424,61.74104061,1800.60877,101.0279327,58.609470656545,68.2454516714662,1.1644099649251,-0.483333333333333,0.0395993363960285,1.11225081851674,2.30946268689612,88,170,2013-11-13,2013-11-07
"2013Nov","R2",2013-11-07,"Morning","A",207,-2.425,"amb",16.74497087,0.372804334,302.544582,3.564126433,1.153281624,21.62650909,20.76462835,21.62650909,415.4001125,393.6273071,10.13420475,14.34910894,41.63610837,58.95212772,1800.143646,101.0676986,51.9967097674598,69.6753241373915,1.33999486600199,-0.483333333333333,0.0395993363960285,1.11225081851674,2.30946268689612,88,170,2013-11-13,2013-11-07
"2013Nov","R2",2013-11-07,"Morning","A",208,-2.16666666666667,"amb",18.371315,0.38417734,299.1839143,3.857316014,1.13159469,21.63725551,20.59591634,21.63725551,414.7998144,390.9521515,9.96658263,14.52718124,41.38399962,60.31706571,1799.866864,101.085008,57.5797039838705,69.7497097593579,1.21135929734714,-0.483333333333333,0.0395993363960285,1.11225081851674,2.30946268689612,88,170,2013-11-13,2013-11-07
"2013Nov","R2",2013-11-07,"Morning","A",209,-3.15,"amb",15.60654386,0.386639026,309.0036864,3.611293116,1.138162903,21.82651809,20.6327037,21.82651809,411.7994855,391.3811457,10.50796983,14.77628902,43.51087155,61.18822313,1800.199615,101.0440532,48.2426369571983,71.0706823330221,1.47319232147441,-0.483333333333333,0.0395993363960285,1.11225081851674,2.30946268689612,88,170,2013-11-13,2013-11-07
"2013Nov","R3",2013-11-08,"Midday","A",301,-1.925,"amb",1.435293933,0.022829599,297.4124492,0.972214925,4.632761711,35.14902989,34.19737101,35.14902989,399.8764903,397.6920598,9.752224285,10.90591336,18.08427803,20.22446482,1799.367173,100.1796996,11.6317256440276,184.168362207686,15.8332794156169,-0.581666666666667,0.00977798818142275,1.266196000024,5.84894126850318,88,138,2013-11-14,2013-11-08
"2013Nov","R3",2013-11-08,"Midday","A",302,-1.925,"amb",0.478660136,0.00813483,246.7384707,0.38358533,4.746330401,35.21856079,34.22782822,35.21856079,399.6686249,398.9109741,9.540098,9.995658113,17.66395187,18.50760289,1800.077796,100.1945427,4.78855530718467,184.366473473853,38.5014814796506,-0.581666666666667,0.00977798818142275,1.266196000024,5.84894126850318,88,138,2013-11-14,2013-11-08
"2013Nov","R3",2013-11-08,"Midday","A",319,-2.075,"amb",1.04355444,0.018144479,298.4925673,0.812437693,4.668325568,35.02798538,34.14416819,35.02798538,398.4760803,396.8369606,9.153585077,10.11895375,17.02245689,18.81784273,1800.133453,100.1651497,8.34496856415449,183.794861282897,22.0246319527651,-0.581666666666667,0.00977798818142275,1.266196000024,5.84894126850318,88,138,2013-11-14,2013-11-08
"2013Nov","R3",2013-11-08,"Midday","A",320,-2.75,"amb",0.674610441,0.013339331,285.2874709,0.635156856,4.670491379,35.11663615,34.20251528,35.11663615,397.9319896,396.8205363,9.65154228,10.40549904,17.88648075,19.28381062,1799.834131,100.1502541,5.70099517366457,184.071953103348,32.2876879380039,-0.581666666666667,0.00977798818142275,1.266196000024,5.84894126850318,88,138,2013-11-14,2013-11-08
"2013Nov","R3",2013-11-08,"Morning","A",301,-2.05,"amb",15.95022229,0.232156056,261.3233899,3.294462816,1.597731263,25.26665901,24.75296294,25.26665901,414.7114548,394.0384405,12.4085222,16.29275271,39.81477528,52.27854112,1799.831159,100.5327814,70.7130030681527,98.7322102466809,1.39623839976819,-0.581666666666667,0.027826777221755,1.266196000024,4.00594932084262,88,138,2013-11-14,2013-11-08
"2013Nov","R3",2013-11-08,"Morning","A",302,-3.175,"amb",18.28031349,0.318638151,275.1616239,3.933744448,1.494056049,25.14275745,24.73270718,25.14275745,417.3458557,393.5822912,12.44208756,17.07598588,39.98068218,54.86769454,1800.201889,100.5526191,76.7042350388839,97.6179296340298,1.27265371442064,-0.581666666666667,0.027826777221755,1.266196000024,4.00594932084262,88,138,2013-11-14,2013-11-08
"2013Nov","R3",2013-11-08,"Morning","A",319,-2.9,"amb",19.69671856,0.472372316,301.6534038,5.081413448,1.393069725,25.38569015,25.01840801,25.38569015,422.3527135,396.3295365,12.61679975,18.59398988,39.83128078,58.70101859,1799.72276,100.4942475,77.4874482349948,99.8104731735825,1.28808568932208,-0.581666666666667,0.027826777221755,1.266196000024,4.00594932084262,88,138,2013-11-14,2013-11-08
"2013Nov","R3",2013-11-08,"Morning","A",320,-2.85,"amb",15.69040169,0.221491961,256.6943525,3.117649475,1.629489247,25.21562748,24.85868702,25.21562748,417.7275299,397.4375641,12.19492273,15.87187691,38.86955528,50.58873634,1798.907776,100.4973122,70.4643183482041,98.2722630259723,1.39463866719541,-0.581666666666667,0.027826777221755,1.266196000024,4.00594932084262,88,138,2013-11-14,2013-11-08
"2013Nov","R4",2013-11-08,"Midday","E",403,-3.18333333333333,"plus150",2.911463089,0.021240294,337.6478726,1.250419902,5.812450451,38.28144615,34.30310849,38.28144615,547.0388368,542.7349669,7.971903494,9.456332654,14.69922087,17.43633868,1799.964363,100.2001481,26.4045850424754,180.240649763611,6.826111808751,-0.486666666666667,0.00442008721761007,1.02904689858886,5.84894126850318,76,168,2013-11-14,2013-11-08
"2013Nov","R4",2013-11-08,"Midday","E",408,-2,"plus150",2.151096594,0.019741111,318.3382776,1.182757154,5.840331479,38.3430886,34.23438708,38.3430886,543.2007202,539.8559581,8.010838239,9.41557072,14.82383262,17.42273671,1799.567979,100.1717149,20.8882881725051,179.897282858732,8.61235163805948,-0.486666666666667,0.00442008721761007,1.02904689858886,5.84894126850318,76,168,2013-11-14,2013-11-08
"2013Nov","R4",2013-11-08,"Midday","E",413,-2.75,"plus150",3.781076659,0.028425335,290.3248731,1.655087841,5.691904351,38.06099848,34.40360756,38.06099848,542.8486928,537.2500133,7.897728054,9.862370014,14.47329517,18.07259617,1800.058614,100.1414269,39.7241315655268,181.388275757767,4.56619864574153,-0.486666666666667,0.00442008721761007,1.02904689858886,5.84894126850318,76,168,2013-11-14,2013-11-08
"2013Nov","R4",2013-11-08,"Midday","E",422,-2.675,"plus150",0.832583152,0.011878169,399.4821449,0.753979985,6.215198971,39.17073364,34.36125641,39.17073364,543.1679993,541.680365,7.880003262,8.77600689,14.47153702,16.11731482,1800.378858,100.1183518,6.79187702944897,174.380132212277,25.6748070461495,-0.486666666666667,0.00442008721761007,1.02904689858886,5.84894126850318,76,168,2013-11-14,2013-11-08
"2013Nov","R4",2013-11-08,"Morning","E",403,-2.5,"plus150",21.23641768,0.189536641,339.600372,3.147138809,1.747674002,26.8346969,24.70307608,26.8346969,575.2546346,547.7179342,14.17835481,17.88540923,45.64506785,57.57013862,1800.007742,100.5497803,82.9893310446154,113.503012655581,1.36768198064593,-0.486666666666667,0.0187577406369265,1.02904689858886,4.00594932084262,76,168,2013-11-14,2013-11-08
"2013Nov","R4",2013-11-08,"Morning","E",408,-3.075,"plus150",24.28356342,0.231860907,350.5345378,4.032097371,1.846180005,26.89292523,24.75592712,26.89292523,574.9872335,543.2330892,12.26985789,17.0238775,39.34341056,54.59345233,1799.890934,100.5278553,92.7390147274081,114.073016486699,1.23004343772682,-0.486666666666667,0.0187577406369265,1.02904689858886,4.00594932084262,76,168,2013-11-14,2013-11-08
"2013Nov","R4",2013-11-08,"Morning","E",413,-2.375,"plus150",20.50748438,0.236472927,383.0013019,4.386923949,1.97125663,27.33189335,24.80422475,27.33189335,574.9360474,547.4573629,11.53982824,16.71401132,36.89776039,53.44735279,1799.885624,100.5081703,74.8454358231039,118.411286865537,1.58207759181736,-0.486666666666667,0.0187577406369265,1.02904689858886,4.00594932084262,76,168,2013-11-14,2013-11-08
"2013Nov","R4",2013-11-08,"Morning","E",422,-2.625,"plus150",24.52101202,0.241040238,354.8330967,4.011545067,1.763821127,27.05877819,24.87887898,27.05877819,574.5754822,542.5514283,13.46865311,18.1928999,42.87093849,57.9095562,1799.739697,100.482444,93.6915332627354,115.703806489866,1.23494410285082,-0.486666666666667,0.0187577406369265,1.02904689858886,4.00594932084262,76,168,2013-11-14,2013-11-08
"2013Nov","R5",2013-11-07,"Midday","E",501,-2.56666666666667,"plus150",4.838273389,0.037792736,406.6818499,1.519535537,4.093995082,32.84056494,30.64907184,32.84056494,571.5798279,564.75616,7.563188768,9.365888618,17.21207331,21.36916004,1799.545481,100.5201956,24.253729239722,171.546214118413,7.07298298017859,-0.421666666666667,0.0230562906416297,1.45877556101354,4.47656783772963,74,151,2013-11-15,2013-11-07
"2013Nov","R5",2013-11-07,"Midday","E",502,-2.475,"plus150",1.173951703,0.01695442,430.9014297,0.694039105,4.342088293,33.24892231,30.60994854,33.24892231,567.8776912,565.9970662,7.313641612,8.139501097,16.67149421,18.53983821,1799.941507,100.5059585,5.74668133916146,174.526194425266,30.3699098879793,-0.421666666666667,0.0230562906416297,1.45877556101354,4.47656783772963,74,151,2013-11-15,2013-11-07
"2013Nov","R5",2013-11-07,"Midday","E",509,-3.05,"plus150",12.49678735,0.113815692,340.1400757,4.092722996,3.632211506,32.11813058,30.83134487,32.11813058,565.0632613,547.3841485,7.128943192,11.97997637,16.04279447,26.99391413,1799.883148,100.4917984,70.2910307561217,165.677655496727,2.35702412832093,-0.421666666666667,0.0230562906416297,1.45877556101354,4.47656783772963,74,151,2013-11-15,2013-11-07
"2013Nov","R5",2013-11-07,"Midday","E",513,-2.15,"plus150",5.458567072,0.032558526,273.1183632,1.394582954,4.11233529,32.63097279,30.49285553,32.63097279,564.877315,557.3968641,6.886606254,8.545402012,15.77931412,19.61282962,1799.915069,100.4759782,39.758058457517,169.916891497461,4.27377236438806,-0.421666666666667,0.0230562906416297,1.45877556101354,4.47656783772963,74,151,2013-11-15,2013-11-07
"2013Nov","R5",2013-11-07,"Morning","E",501,-2.9,"plus150",20.41599358,0.415037095,450.6657042,4.382995209,1.199306964,23.4296219,22.77931031,23.4296219,576.4273894,549.0426336,11.72467801,16.89512902,42.60309308,61.32857797,1799.509285,100.9791745,52.5812937117502,83.1001081286414,1.58041201086065,-0.421666666666667,0.0469358188128316,1.45877556101354,2.30946268689612,74,151,2013-11-15,2013-11-07
"2013Nov","R5",2013-11-07,"Morning","E",502,-3.28333333333333,"plus150",22.62014376,0.314538854,411.3268245,4.220841866,1.460598953,24.1540511,22.97093844,24.1540511,577.7139859,547.8000836,10.60172431,15.58725671,38.0721092,55.91865907,1799.564328,100.9615812,64.5914907847978,89.0327236629273,1.37839710124607,-0.421666666666667,0.0469358188128316,1.45877556101354,2.30946268689612,74,151,2013-11-15,2013-11-07
"2013Nov","R5",2013-11-07,"Morning","E",509,-3.2,"plus150",18.10407653,0.225188961,389.9679468,3.32199698,1.688301864,24.55573359,23.02335993,24.55573359,572.7986328,548.8882148,10.17331183,14.10325653,36.38179575,50.42626389,1799.415222,100.9268814,55.0152504645258,92.4538384794274,1.68051290685375,-0.421666666666667,0.0469358188128316,1.45877556101354,2.30946268689612,74,151,2013-11-15,2013-11-07
"2013Nov","R5",2013-11-07,"Morning","E",513,-2.775,"plus150",24.63496458,0.351363589,404.345047,4.484305505,1.506476215,24.4654441,23.19256327,24.4654441,578.146403,545.6501634,10.43004332,15.72661931,36.89161357,55.6282598,1799.348597,100.9130599,72.4974378483013,91.676774473345,1.26455192340971,-0.421666666666667,0.0469358188128316,1.45877556101354,2.30946268689612,74,151,2013-11-15,2013-11-07
"2013Nov","R6",2013-11-07,"Midday","A",603,-3.05,"amb",12.1017347,0.130532303,220.0423755,4.83767448,3.772119421,33.69477635,31.28933843,33.69477635,409.9062531,393.1130254,8.996057558,14.71212791,19.74018571,32.28435822,1799.6099,100.6483633,121.82020946,177.454395052679,1.45669093690851,-0.473333333333333,0.0253592209126529,1.23090426403009,4.47656783772963,93,170,2013-11-15,2013-11-07
"2013Nov","R6",2013-11-07,"Midday","A",607,-2.05,"amb",2.326384578,0.029131558,254.7407283,1.169290457,4.074529445,34.12583749,31.24460864,34.12583749,404.6602784,401.3082543,11.60700134,12.9901526,25.52579784,28.56602915,1799.866613,100.6405249,20.5505887229244,179.925039485961,8.75522555153143,-0.473333333333333,0.0253592209126529,1.23090426403009,4.47656783772963,93,170,2013-11-15,2013-11-07
"2013Nov","R6",2013-11-07,"Midday","A",612,-2.575,"amb",9.763413103,0.093720597,199.9429803,3.548816171,3.797542679,33.98632202,31.42976685,33.98632202,407.5628144,394.1794739,11.13813744,15.32896119,24.22602177,33.3566967,1799.900257,100.6207688,112.849172912921,179.166432648314,1.58766278939914,-0.473333333333333,0.0253592209126529,1.23090426403009,4.47656783772963,93,170,2013-11-15,2013-11-07
"2013Nov","R6",2013-11-07,"Midday","A",614,-1.875,"amb",5.542496736,0.050024501,204.4584474,1.861998425,3.837582077,34.75716896,31.38587322,34.75716896,407.7233918,400.1830933,15.0822259,17.27611866,32.87095089,37.65638695,1800.052735,100.5978348,66.5606515119826,182.830279684367,2.74682226707851,-0.473333333333333,0.0253592209126529,1.23090426403009,4.47656783772963,93,170,2013-11-15,2013-11-07
"2013Nov","R6",2013-11-07,"Morning","A",603,-3.2,"amb",18.27120565,0.331995426,286.2880702,4.122480248,1.380964343,24.22360211,22.72742501,24.22360211,415.0787415,391.2359986,11.51108351,16.37340441,41.95872879,59.68012238,1800.312488,101.0883003,69.696759757593,89.6184299238766,1.28583351988775,-0.473333333333333,0.0380591908183796,1.23090426403009,2.30946268689612,93,170,2013-11-15,2013-11-07
"2013Nov","R6",2013-11-07,"Morning","A",607,-2.85,"amb",19.0121376,0.31782764,277.1504988,4.202970938,1.496105505,24.75296689,22.86648464,24.75296689,417.3434479,392.5676087,11.26250525,16.22032948,40.71031914,58.64175186,1799.093836,101.0861565,77.2298983025708,94.1674065943174,1.21931283950924,-0.473333333333333,0.0380591908183796,1.23090426403009,2.30946268689612,93,170,2013-11-15,2013-11-07
"2013Nov","R6",2013-11-07,"Morning","A",612,-2.7,"amb",16.23704565,0.256588064,276.842969,3.654773327,1.530264109,24.47133389,22.81403618,24.47133389,416.2829956,395.0805512,11.02795887,15.3433796,39.98735581,55.62586823,1799.589588,101.0743256,64.80195756059,91.727322178814,1.41550233406219,-0.473333333333333,0.0380591908183796,1.23090426403009,2.30946268689612,93,170,2013-11-15,2013-11-07
"2013Nov","R6",2013-11-07,"Morning","A",614,-2.8,"amb",19.01958108,0.31439342,275.8452367,4.275930178,1.505598925,24.9288374,22.99376373,24.9288374,415.2567749,390.4477142,11.39840222,16.44144888,40.85480461,58.93037567,1800.084668,101.0278572,78.497092385113,95.7138279545032,1.21932959611961,-0.473333333333333,0.0380591908183796,1.23090426403009,2.30946268689612,93,170,2013-11-15,2013-11-07
"2013Sep","R1",2013-09-09,"Midday","E",111,-2.15,"plus150",22.35636178,0.195402868,337.690838,3.496106781,1.882780928,28.0082952,26.18690109,28.0082952,575.0365426,545.9428711,14.89014517,19.0026034,43.94908796,56.08939389,1799.960789,100.7145261,94.8918033325911,125.216539783677,1.31957171627142,-0.883333333333333,0.0419115788358431,1.41192935871077,2.0231846051723,80,141,2013-09-19,2013-09-09
"2013Sep","R1",2013-09-09,"Midday","E",116,-2.075,"plus150",15.44602112,0.101297979,282.7329119,2.145097252,2.138195057,28.28217788,26.20462631,28.28217788,570.386968,550.4550324,14.54432836,17.07271052,42.8902582,50.34746365,1799.824112,100.7216207,78.5825699641716,128.00339936339,1.62890319598546,-0.883333333333333,0.0419115788358431,1.41192935871077,2.0231846051723,80,141,2013-09-19,2013-09-09
"2013Sep","R1",2013-09-09,"Midday","E",117,-2.125,"plus150",19.72253161,0.182604429,344.920097,3.762710827,2.148678952,28.84605163,26.49718462,28.84605163,571.5647889,545.4652652,13.80630575,18.23550706,40.04489726,52.8784536,1799.764814,100.761495,86.9523062117228,133.773965876147,1.53847519064551,-0.883333333333333,0.0419115788358431,1.41192935871077,2.0231846051723,80,141,2013-09-19,2013-09-09
"2013Sep","R1",2013-09-09,"Midday","E",122,-2.5,"plus150",21.49131968,0.208927846,350.6571507,3.958921924,1.997427203,27.63434101,26.10074997,27.63434101,569.6037118,541.2673732,12.38287108,17.0485078,36.75526206,50.59903626,1800.181163,100.7612783,86.1186325013137,121.438373745136,1.41012891424261,-0.883333333333333,0.0419115788358431,1.41192935871077,2.0231846051723,80,141,2013-09-19,2013-09-09
"2013Sep","R1",2013-09-09,"Morning","E",111,-2.35,"plus150",30.63791935,0.332532014,366.177719,4.511214027,1.500219566,26.24986882,24.69355678,26.24986882,578.9286601,539.2793444,13.72985077,19.03583643,44.50897153,61.69486724,1799.352709,101.1570472,108.337981287788,107.857374776753,0.995563822536447,-0.883333333333333,0.0361325636351615,1.41192935871077,1.11026663178241,80,141,2013-09-19,2013-09-09
"2013Sep","R1",2013-09-09,"Morning","E",116,-2.8,"plus150",23.2789614,0.273622526,388.0653853,3.799731895,1.499438529,26.34754523,24.70104599,26.34754523,577.119105,546.7184753,14.74739105,19.21577958,47.80892635,62.28260049,1800.082197,101.2146255,79.05181025727,108.789778973576,1.37618327296396,-0.883333333333333,0.0361325636351615,1.41192935871077,1.11026663178241,80,141,2013-09-19,2013-09-09
"2013Sep","R1",2013-09-09,"Morning","E",117,-2.55,"plus150",25.60867052,0.396769667,417.4483355,4.737685792,1.351285978,25.85969921,24.63022435,25.85969921,577.4088186,543.6195603,14.13925714,19.70740283,46.06054314,64.18355473,1799.473796,101.2608414,79.8047131846989,104.177987112122,1.30541145948377,-0.883333333333333,0.0361325636351615,1.41192935871077,1.11026663178241,80,141,2013-09-19,2013-09-09
"2013Sep","R1",2013-09-09,"Morning","E",122,-2.8,"plus150",25.04076591,0.306650582,389.4390772,3.984621397,1.451834099,25.63659668,24.41390451,25.63659668,577.1673523,544.5451172,13.59953494,18.28938824,44.88743407,60.35537027,1799.598991,101.278888,81.2091267526245,102.107886887495,1.25734496811586,-0.883333333333333,0.0361325636351615,1.41192935871077,1.11026663178241,80,141,2013-09-19,2013-09-09
"2013Sep","R2",2013-09-09,"Midday","A",202,-2.15,"amb",16.28186829,0.164639951,218.909963,3.404227069,2.143729336,27.68128427,26.14353435,27.68128427,417.0882238,395.9422532,11.66446289,15.68411907,34.61864901,46.49073474,1800.12855,100.8285955,102.21101786411,121.910659977222,1.19273501550785,-0.766666666666667,0.0455649360245261,1.44983709985212,2.0231846051723,83,160,2013-09-19,2013-09-09
"2013Sep","R2",2013-09-09,"Midday","A",207,-2.375,"amb",12.91655026,0.165093313,251.3183274,3.31425856,2.192998791,28.10969666,26.12483497,28.10969666,416.6663273,399.5840102,12.21592099,16.12581989,36.31990737,47.99282546,1800.052575,100.8633832,72.7566190100439,126.246659618152,1.73519140025905,-0.766666666666667,0.0455649360245261,1.44983709985212,2.0231846051723,83,160,2013-09-19,2013-09-09
"2013Sep","R2",2013-09-09,"Midday","A",208,-1.725,"amb",11.09058311,0.20392761,259.3180045,3.308626371,2.160869342,27.92390999,26.17520634,27.92390999,417.6442617,402.7588883,12.15063501,16.04597283,36.03339354,47.74748898,1800.171723,100.8610618,59.7570381111588,124.360974944506,2.08111008971316,-0.766666666666667,0.0455649360245261,1.44983709985212,2.0231846051723,83,160,2013-09-19,2013-09-09
"2013Sep","R2",2013-09-09,"Midday","A",209,-2.875,"amb",18.63660729,0.287052558,268.7058442,4.752036027,1.792662,27.25535609,25.98584779,27.25535609,416.9708714,392.3788514,12.65697366,18.25371724,37.92454025,54.63198739,1799.421111,100.8438195,92.4905608200478,117.649913297345,1.27202075816415,-0.766666666666667,0.0455649360245261,1.44983709985212,2.0231846051723,83,160,2013-09-19,2013-09-09
"2013Sep","R2",2013-09-09,"Morning","A",202,-2.15,"amb",22.81439642,0.34613036,266.4278175,4.813108956,1.541489808,26.12077748,25.28335149,26.12077748,420.2307378,390.6091517,12.6734893,18.34140062,39.68483919,57.43273894,1800.86742,101.2601321,105.391471035214,106.631911370487,1.01176983605113,-0.766666666666667,0.0380755467067354,1.44983709985212,1.11026663178241,83,160,2013-09-19,2013-09-09
"2013Sep","R2",2013-09-09,"Morning","A",207,-2.3,"amb",18.98581513,0.321247285,282.0484629,4.626937963,1.589857282,26.15911185,25.29981229,26.15911185,420.1568975,395.1894811,12.47019412,17.92081436,39.05084101,56.12041181,1801.077474,101.3549685,83.4680641299668,106.994998213545,1.28186749421844,-0.766666666666667,0.0380755467067354,1.44983709985212,1.11026663178241,83,160,2013-09-19,2013-09-09
"2013Sep","R2",2013-09-09,"Morning","A",208,-1.75,"amb",11.60342708,0.159030569,259.0470412,2.739389474,1.912754095,26.561712,25.27243229,26.561712,415.0440958,399.8180346,12.32390807,15.55651401,38.64611232,48.79358486,1800.141917,101.3410096,56.7588497655135,110.849265898206,1.95298647446443,-0.766666666666667,0.0380755467067354,1.44983709985212,1.11026663178241,83,160,2013-09-19,2013-09-09
"2013Sep","R2",2013-09-09,"Morning","A",209,-2.975,"amb",20.30316286,0.426083158,298.6824151,5.136399109,1.397100142,25.19863502,25.02807101,25.19863502,421.4770292,394.6912511,11.91644434,17.96663491,37.91790946,57.17045482,1798.790507,101.3455429,79.5764645215144,98.1194223209257,1.23302062878652,-0.766666666666667,0.0380755467067354,1.44983709985212,1.11026663178241,83,160,2013-09-19,2013-09-09
"2013Sep","R3",2013-09-11,"Morning","A",301,-2.45,"amb",19.84970488,0.223436215,231.530766,2.331633666,1.10646049,22.67934793,20.70358515,22.67934793,414.7490514,389.8545263,13.75207215,16.50221718,56.43549379,67.70843297,1799.705532,100.5398388,82.4293083696998,77.2818603856182,0.937553182406979,-0.7,0.052971265947533,1.54384979159466,1.37086236655228,92,154,2013-09-12,2013-09-11
"2013Sep","R3",2013-09-11,"Morning","A",302,-2.7,"amb",17.47495055,0.233998161,247.8992023,2.394273199,1.107200766,21.93910999,20.38299492,21.93910999,417.3008771,395.2185533,12.45668969,15.28300721,52.18779394,63.97435252,1799.914226,100.6046879,65.0796429662766,71.8663589011761,1.10428323859146,-0.7,0.052971265947533,1.54384979159466,1.37086236655228,92,154,2013-09-12,2013-09-11
"2013Sep","R3",2013-09-11,"Morning","A",319,-2.725,"amb",18.58122206,0.32654074,277.7291697,2.889323496,0.98359637,22.37385154,20.59654316,22.37385154,413.3140933,389.680013,13.80857186,17.2135785,57.06937544,71.10149018,1800.14767,100.5653326,64.643649941489,75.0079488569373,1.16032972959957,-0.7,0.052971265947533,1.54384979159466,1.37086236655228,92,154,2013-09-12,2013-09-11
"2013Sep","R3",2013-09-11,"Morning","A",320,-3.075,"amb",18.39136009,0.266886098,256.9108478,2.407733219,0.992140119,22.49359751,20.40883557,22.49359751,411.7948812,388.6080958,14.48346647,17.3216265,60.5253671,72.37611707,1800.520711,100.586635,68.8361821605959,75.8927152088614,1.10251197592282,-0.7,0.052971265947533,1.54384979159466,1.37086236655228,92,154,2013-09-12,2013-09-11
"2013Sep","R3",2013-09-12,"Midday","A",302,-2.25,"amb",19.00902469,0.205265603,227.7791688,2.996366772,1.537922745,24.56025696,22.54001808,24.56025696,417.5520508,393.3406983,11.96800547,15.50589419,43.92863007,56.90219383,1799.888342,100.5895829,91.2331765412062,92.4928905120128,1.01380763027842,-0.7,0.0561409507972493,1.53798079759841,2.16407841616141,92,154,2013-09-12,2013-09-12
"2013Sep","R3",2013-09-12,"Midday","A",319,-2.025,"amb",13.9753616,0.230710543,257.0672791,2.96653603,1.46615724,24.17661791,21.47118492,24.17661791,415.1949127,397.0368111,12.01658984,15.51675072,47.52907419,60.6972312,1799.677732,100.6065537,58.4014536753492,89.222457107138,1.52774377163831,-0.7,0.0561409507972493,1.53798079759841,2.16407841616141,92,154,2013-09-12,2013-09-12
"2013Sep","R3",2013-09-12,"Midday","A",320,-3.1,"amb",16.78209668,0.178928899,225.8628035,2.783531475,1.645769964,24.23978424,22.54140224,24.23978424,414.9737763,393.5430939,10.5463954,13.83706017,38.70640259,50.79164849,1800.43783,100.6500611,79.3855167667693,89.7551053260392,1.13062317890725,-0.7,0.0561409507972493,1.53798079759841,2.16407841616141,92,154,2013-09-12,2013-09-12
"2013Sep","R3",2013-09-12,"Midday","A",301,-3.05,"amb",16.36468604,0.210348617,255.8276119,3.113590356,1.561766143,24.88941498,22.81098824,24.88941498,417.5628052,396.4572144,12.20875349,15.88366366,44.05304223,57.30837212,1800.202771,100.5677125,72.088170421799,95.365687438484,1.3229034234117,-0.7,0.0561409507972493,1.53798079759841,2.16407841616141,92,154,2013-09-12,2013-09-12
"2013Sep","R4",2013-09-11,"Morning","E",422,-2.6,"plus150",18.41815074,0.192061269,363.930223,2.509094146,1.376585356,22.3204319,20.68244858,22.3204319,559.9325073,536.2327026,10.22988491,13.19898624,42.09047699,54.30675735,1799.995996,100.7069397,51.8416585225408,74.6159631488799,1.43930509315084,-0.8,0.0266462408789907,1.38544150660763,1.37086236655228,91,177,2013-09-13,2013-09-11
"2013Sep","R4",2013-09-12,"Midday","E",413,-2.825,"plus150",22.83417543,0.227312563,353.9728534,3.668581368,1.712882157,26.71164128,24.67187977,26.71164128,569.77612,540.0027191,13.66164255,17.98398832,44.01128172,57.93595702,1799.812154,100.4451156,85.4905209345031,112.302913192115,1.31363000206951,-0.8,0.0328035828245707,1.37822241240087,2.16407841616141,91,177,2013-09-13,2013-09-12
"2013Sep","R4",2013-09-12,"Midday","E",422,-1.575,"plus150",12.9086321,0.073167622,246.5945318,1.502700394,2.06243462,26.96604042,24.51669827,26.96604042,564.8723755,548.3961182,13.25812998,15.0339799,43.10872765,48.88330155,1800.562976,100.4460762,68.1496385730984,114.790638539064,1.6843910098795,-0.8,0.0328035828245707,1.37822241240087,2.16407841616141,91,177,2013-09-13,2013-09-12
"2013Sep","R4",2013-09-11,"Morning","E",413,-2.45,"plus150",19.8078909,0.154697813,319.7192593,1.948690473,1.339640763,21.94320403,20.57131822,21.94320403,574.8079407,549.7769287,10.65504775,12.96119334,44.12082215,53.68888696,1799.937107,100.6835249,60.0619820603404,71.8954297352704,1.19702059887137,-0.8,0.0266462408789907,1.38544150660763,1.37086236655228,91,177,2013-09-13,2013-09-11
"2013Sep","R4",2013-09-12,"Midday","E",408,-3.3,"plus150",19.39664932,0.169077169,297.7244389,2.631253394,1.748941563,26.28548775,24.4218998,26.28548775,565.0143799,540.0366455,13.66209059,16.76453762,44.6707428,54.80550461,1799.782739,100.4421707,81.9398190381992,108.196878262582,1.32044321713894,-0.8,0.0328035828245707,1.37822241240087,2.16407841616141,91,177,2013-09-13,2013-09-12
"2013Sep","R4",2013-09-11,"Morning","E",403,-2.5,"plus150",22.34248513,0.219034401,361.1609236,2.43936102,1.190921627,20.65362469,20.12201586,20.65362469,572.4841655,544.106069,9.549757638,12.43778154,40.68797239,52.99318835,1800.370831,100.7541475,57.7550049187007,63.213165379114,1.09450541071023,-0.8,0.0266462408789907,1.38544150660763,1.37086236655228,91,177,2013-09-13,2013-09-11
"2013Sep","R4",2013-09-11,"Morning","E",408,-1.83333333333333,"plus150",26.70403673,0.263196002,351.4219449,2.916693532,1.213412967,21.59667924,20.34644207,21.59667924,573.0434503,539.1403673,10.21452233,13.66379118,42.91668909,57.41520326,1800.233093,100.7388229,74.0429582676234,69.4691931345132,0.938228222640988,-0.8,0.0266462408789907,1.38544150660763,1.37086236655228,91,177,2013-09-13,2013-09-11
"2013Sep","R4",2013-09-12,"Midday","E",403,-2.65,"plus150",19.88007728,0.165425289,322.6909492,2.825071427,1.791912477,26.85709706,24.73930359,26.85709706,564.5308167,538.8529114,14.1717166,17.50175667,45.46408692,56.1515583,1800.226526,100.4256203,81.2966142110774,113.722130686877,1.39885445157175,-0.8,0.0328035828245707,1.37822241240087,2.16407841616141,91,177,2013-09-13,2013-09-12
"2013Sep","R5",2013-09-11,"Morning","E",513,-2.375,"plus150",21.06251439,0.170419186,328.9686605,2.332570497,1.427654845,24.46604638,22.50268482,24.46604638,574.855864,548.0630312,13.71563592,16.46718775,50.27736364,60.36971919,1800.475024,100.3313724,72.6814170248119,91.6819424856289,1.26142205585137,-0.6125,0.0514956859171974,1.75665603503873,1.37086236655228,76,142,2013-09-12,2013-09-11
"2013Sep","R5",2013-09-12,"Midday","E",509,-2.075,"plus150",14.02777731,0.106224588,315.8758602,2.227458019,2.150280542,24.28914954,22.58917765,24.28914954,568.0987583,548.7129982,6.129413442,8.925392961,22.4201197,32.64746973,1799.783418,100.6019709,49.4851470204394,90.17298322779,1.82222320549123,-0.6125,0.0598320740688173,1.74978490197761,2.16407841616141,76,142,2013-09-12,2013-09-12
"2013Sep","R5",2013-09-12,"Midday","E",513,-2.05,"plus150",18.40959617,0.137739892,302.9608607,2.77802623,2.087409961,24.36032593,22.70345331,24.36032593,571.1763077,546.1422692,6.240167171,9.678912999,22.6678412,35.15410257,1800.395966,100.600699,67.5307945953,90.7779668693594,1.3442455018244,-0.6125,0.0598320740688173,1.74978490197761,2.16407841616141,76,142,2013-09-12,2013-09-12
"2013Sep","R5",2013-09-11,"Morning","E",509,-2.275,"plus150",19.50290922,0.164598381,334.6149082,2.12606403,1.351898684,23.98523844,22.2876116,23.98523844,571.6560582,546.8753263,13.85390989,16.3620616,51.4576456,60.7883462,1800.598316,100.3455614,64.4581057989114,87.6227984155024,1.35937594394811,-0.6125,0.0514956859171974,1.75665603503873,1.37086236655228,76,142,2013-09-12,2013-09-11
"2013Sep","R5",2013-09-12,"Midday","E",502,-2.6,"plus150",22.47831784,0.243064134,368.9114224,4.111643849,1.828037284,23.86060365,22.58386739,23.86060365,575.5649007,544.2569987,6.182011684,11.34910194,22.62730535,41.53886477,1800.618826,100.6372802,68.3903995408605,86.5925140189672,1.26615014095994,-0.6125,0.0598320740688173,1.74978490197761,2.16407841616141,76,142,2013-09-12,2013-09-12
"2013Sep","R5",2013-09-11,"Morning","E",501,-2.63333333333333,"plus150",22.78228202,0.280877909,393.2554759,3.003234738,1.184124679,23.61070904,22.34469068,23.61070904,574.044885,544.7599704,13.8150546,17.35420899,51.21659398,64.33234072,1800.271551,100.4255283,65.1782209274273,84.5542107852833,1.29727705945565,-0.6125,0.0514956859171974,1.75665603503873,1.37086236655228,76,142,2013-09-12,2013-09-11
"2013Sep","R5",2013-09-11,"Morning","E",502,-2.7,"plus150",21.69487727,0.18449465,336.1208095,2.238261876,1.268496717,23.61053321,22.21788572,23.61053321,571.5537445,544.0764872,13.86783092,16.50782185,51.76179918,61.61921133,1799.945162,100.390475,69.8510563645939,84.5527895245691,1.21047259590804,-0.6125,0.0514956859171974,1.75665603503873,1.37086236655228,76,142,2013-09-12,2013-09-11
"2013Sep","R5",2013-09-12,"Midday","E",501,-2.7,"plus150",20.75746907,0.230490394,376.5705233,4.179417734,1.932337688,24.24163277,22.82735678,24.24163277,574.5576603,545.2034723,5.763939941,10.99113287,20.79374285,39.65049877,1799.572112,100.6596925,63.5827808744542,89.7707277784947,1.41187168198493,-0.6125,0.0598320740688173,1.74978490197761,2.16407841616141,76,142,2013-09-12,2013-09-12
"2013Sep","R6",2013-09-11,"Morning","A",613,-1.25,"amb",5.351546355,0.035028499,214.035804,0.797767259,2.263284088,26.08628589,23.03903228,26.08628589,481.4031143,474.538118,10.33750409,11.28287748,36.70096986,40.05572456,1799.927485,100.4621306,30.5024376808957,106.305820765535,3.48515819875329,-0.683333333333333,0.0405798897203622,1.54615976558359,1.37086236655228,87,157,2013-09-13,2013-09-11
"2013Sep","R6",2013-09-11,"Morning","A",603,-2.475,"amb",18.63515407,0.173647899,273.8498265,2.745031233,1.657101268,23.89076802,22.49309363,23.89076802,493.4783325,469.609021,9.870485567,13.1188889,36.2769588,48.21978798,1799.898511,100.5100963,72.2728551025838,86.8410322762628,1.20157190625721,-0.683333333333333,0.0405798897203622,1.54615976558359,1.37086236655228,87,157,2013-09-13,2013-09-11
"2013Sep","R6",2013-09-11,"Morning","A",607,-2.15,"amb",21.4937802,0.242666408,302.1701598,3.6702448,1.613567473,24.18416124,22.72614551,24.18416124,496.4874123,468.6664856,9.7421403,14.08176132,35.30827252,51.02967113,1799.968911,100.4837651,78.1361755591686,89.2859445044891,1.14269663015279,-0.683333333333333,0.0405798897203622,1.54615976558359,1.37086236655228,87,157,2013-09-13,2013-09-11
"2013Sep","R6",2013-09-11,"Morning","A",612,-2.925,"amb",13.70348794,0.098407747,226.7928862,1.905415539,1.969833034,25.12884438,22.80488803,25.12884438,491.0383062,473.5382398,10.03703098,12.29403796,36.1883915,44.32693192,1800.138832,100.4636669,68.7674737914631,97.4933261332074,1.41772440890959,-0.683333333333333,0.0405798897203622,1.54615976558359,1.37086236655228,87,157,2013-09-13,2013-09-11
"2013Sep","R6",2013-09-12,"Midday","A",603,-2.375,"amb",12.97303673,0.152466458,230.7532413,2.947840472,2.085933158,25.16640702,24.37561093,25.16640702,410.2106323,393.2677521,7.697615624,11.19194775,25.27072239,36.74832573,1799.396167,100.5643876,64.1924272572709,97.8299738023567,1.52401113312436,-0.683333333333333,0.0462685350463565,1.53771786835469,2.16407841616141,87,157,2013-09-13,2013-09-12
"2013Sep","R6",2013-09-12,"Midday","A",607,-2.5,"amb",18.74474847,0.256610324,247.7932767,4.608997309,1.952208934,25.49804974,24.54858074,25.49804974,410.3229645,385.7108551,7.701148081,13.15603848,25.02918854,42.7584507,1799.861817,100.5932595,88.7183753025542,100.835210518818,1.13657638764171,-0.683333333333333,0.0462685350463565,1.53771786835469,2.16407841616141,87,157,2013-09-13,2013-09-12
"2013Sep","R6",2013-09-12,"Midday","A",612,-2.05,"amb",5.803126891,0.0561226,218.1326709,1.295907355,2.386635522,25.94585349,24.48775956,25.94585349,404.4256435,396.8487086,8.174939013,9.713265738,26.65887365,31.67267635,1799.898112,100.5665863,32.1127073489799,104.984078710828,3.26923786181993,-0.683333333333333,0.0462685350463565,1.53771786835469,2.16407841616141,87,157,2013-09-13,2013-09-12
"2013Sep","R6",2013-09-12,"Midday","A",613,-1.7,"amb",10.05858963,0.114710301,233.5158487,2.428275688,2.221498901,25.65607259,24.50522773,25.65607259,407.1938975,393.9846349,7.900857576,10.78096905,25.75140174,35.14109695,1799.59571,100.6185047,50.953112221339,102.287587496547,2.00748458803091,-0.683333333333333,0.0462685350463565,1.53771786835469,2.16407841616141,87,157,2013-09-13,2013-09-12
